{"accuracy": [0.8638736605644226, 0.9203642010688782, 0.9273632764816284, 0.9327263832092285, 0.9346610903739929, 0.936652660369873, 0.9355288147926331, 0.9388434290885925, 0.9380325675010681, 0.9383739829063416], "loss": [0.47137126326560974, 0.24639888107776642, 0.21882429718971252, 0.20110493898391724, 0.1966075748205185, 0.19374234974384308, 0.19383960962295532, 0.18510578572750092, 0.1850564330816269, 0.182993084192276], "val_accuracy": [0.9180514216423035, 0.9214090704917908, 0.9377418756484985, 0.9362053275108337, 0.9345549941062927, 0.9355793595314026, 0.9405303597450256, 0.9431481957435608, 0.9471887350082397, 0.9368882179260254], "val_loss": [0.27176427841186523, 0.2423044890165329, 0.1916245073080063, 0.19139370322227478, 0.20102958381175995, 0.19499042630195618, 0.17362798750400543, 0.172077938914299, 0.15878859162330627, 0.19023577868938446]}