{"accuracy": [0.8678284287452698, 0.9328401684761047, 0.9529411792755127, 0.9621452689170837, 0.9696279764175415, 0.9743794202804565, 0.9785475730895996, 0.9818336963653564, 0.9834127426147461, 0.9857600331306458, 0.9865424036979675], "loss": [0.5041077733039856, 0.20067517459392548, 0.14052163064479828, 0.11048755794763565, 0.0888514369726181, 0.07457757741212845, 0.061155714094638824, 0.05177191644906998, 0.04817008227109909, 0.04220845177769661, 0.03826501965522766], "val_accuracy": [0.9402458667755127, 0.9519690275192261, 0.9623264074325562, 0.970805823802948, 0.9716025590896606, 0.9787730574607849, 0.9806510210037231, 0.9823582768440247, 0.9816184639930725, 0.9845777153968811, 0.9862281084060669], "val_loss": [0.18684078752994537, 0.14286984503269196, 0.11113113164901733, 0.08432628214359283, 0.07781859487295151, 0.061811767518520355, 0.056187957525253296, 0.05171075463294983, 0.05405723676085472, 0.046892136335372925, 0.04162859171628952]}