{"accuracy": [0.6269009113311768, 0.8602745532989502, 0.9122981429100037, 0.9349313378334045, 0.9781776666641235, 0.99090975522995, 0.9917490482330322, 0.9964008927345276], "loss": [1.3308836221694946, 0.4441562294960022, 0.2722562551498413, 0.19839011132717133, 0.06788768619298935, 0.03270212188363075, 0.028322026133537292, 0.013587246648967266], "val_accuracy": [0.7898361086845398, 0.8156726360321045, 0.8144206404685974, 0.8172661066055298, 0.8552811145782471, 0.8532893061637878, 0.8472000956535339, 0.8645572662353516], "val_loss": [0.6815996170043945, 0.6127622127532959, 0.6756632924079895, 0.7353770136833191, 0.5951414108276367, 0.6520126461982727, 0.7045184373855591, 0.6425973773002625], "learning_rate": [0.0010000000474974513, 0.0010000000474974513, 0.0010000000474974513, 0.0010000000474974513, 0.0005000000237487257, 0.0005000000237487257, 0.0005000000237487257, 0.0002500000118743628]}